{"url": "https://diemthi.tuyensinh247.com/diem-chuan/hoc-vien-an-ninh-nhan-dan-ANH.html", "university_code": "ANH", "university_name": "Học Viện An Ninh Nhân Dân"}
{"url": "https://diemthi.tuyensinh247.com/diem-chuan/dai-hoc-an-ninh-nhan-dan-ANS.html", "university_code": "ANS", "university_name": "Đại Học An Ninh Nhân Dân"}
{"url": "https://diemthi.tuyensinh247.com/diem-chuan/dai-hoc-bach-khoa-ha-noi-BKA.html", "university_code": "BKA", "university_name": "Đại Học Bách Khoa Hà Nội"}
{"url": "https://diemthi.tuyensinh247.com/diem-chuan/dai-hoc-buon-ma-thuot-BMU.html", "university_code": "BMU", "university_name": "Đại học Buôn Ma Thuột"}
{"url": "https://diemthi.tuyensinh247.com/diem-chuan/hoc-vien-bien-phong-BPH.html", "university_code": "BPH", "university_name": "Học Viện Biên Phòng"}
{"url": "https://diemthi.tuyensinh247.com/diem-chuan/hoc-vien-cong-nghe-buu-chinh-vien-thong-phia-bac-BVH.html", "university_code": "BVH", "university_name": "Học Viện Công Nghệ Bưu Chính Viễn Thông ( Phía Bắc )"}
{"url": "https://diemthi.tuyensinh247.com/diem-chuan/hoc-vien-cong-nghe-buu-chinh-vien-thong-phia-nam-BVS.html", "university_code": "BVS", "university_name": "Học Viện Công Nghệ Bưu Chính Viễn Thông (phía Nam)"}
{"url": "https://diemthi.tuyensinh247.com/diem-chuan/dai-hoc-cong-nghiep-det-may-ha-noi-CCM.html", "university_code": "CCM", "university_name": "Đại Học Công Nghiệp Dệt May Hà Nội"}
{"url": "https://diemthi.tuyensinh247.com/diem-chuan/dai-hoc-kinh-te-nghe-an-CEA.html", "university_code": "CEA", "university_name": "Đại học Kinh Tế Nghệ An"}
{"url": "https://diemthi.tuyensinh247.com/diem-chuan/hoc-vien-canh-sat-nhan-dan-CSH.html", "university_code": "CSH", "university_name": "Học Viện Cảnh Sát Nhân Dân"}
{"url": "https://diemthi.tuyensinh247.com/diem-chuan/dai-hoc-canh-sat-nhan-dan-CSS.html", "university_code": "CSS", "university_name": "Đại Học Cảnh Sát Nhân Dân"}
{"url": "https://diemthi.tuyensinh247.com/diem-chuan/dai-hoc-binh-duong-DBD.html", "university_code": "DBD", "university_name": "Đại Học Bình Dương"}
{"url": "https://diemthi.tuyensinh247.com/diem-chuan/dai-hoc-nong-lam-bac-giang-DBG.html", "university_code": "DBG", "university_name": "Đại học Nông Lâm Bắc Giang"}
{"url": "https://diemthi.tuyensinh247.com/diem-chuan/dai-hoc-bac-lieu-DBL.html", "university_code": "DBL", "university_name": "Đại Học Bạc Liêu"}
{"url": "https://diemthi.tuyensinh247.com/diem-chuan/dai-hoc-cong-nghe-dong-nai-DCD.html", "university_code": "DCD", "university_name": "Đại Học Công Nghệ Đồng Nai"}
{"url": "https://diemthi.tuyensinh247.com/diem-chuan/dai-hoc-gia-dinh-DCG.html", "university_code": "DCG", "university_name": "Đại Học Gia Định"}
{"url": "https://diemthi.tuyensinh247.com/diem-chuan/truong-si-quan-dac-cong-DCH.html", "university_code": "DCH", "university_name": "Trường Sĩ Quan Đặc Công"}
{"url": "https://diemthi.tuyensinh247.com/diem-chuan/dai-hoc-cuu-long-DCL.html", "university_code": "DCL", "university_name": "Đại Học Cửu Long"}
{"url": "https://diemthi.tuyensinh247.com/diem-chuan/dai-hoc-cong-nghiep-ha-noi-DCN.html", "university_code": "DCN", "university_name": "Đại Học Công Nghiệp Hà Nội"}
{"url": "https://diemthi.tuyensinh247.com/diem-chuan/dai-hoc-cong-nghe-va-quan-ly-huu-nghi-DCQ.html", "university_code": "DCQ", "university_name": "Đại Học Công Nghệ và Quản Lý Hữu Nghị"}
{"url": "https://diemthi.tuyensinh247.com/diem-chuan/dai-hoc-cong-nghiep-thuc-pham-tp-hcm-DCT.html", "university_code": "DCT", "university_name": "Đại Học Công Nghiệp Thực Phẩm TP HCM"}
{"url": "https://diemthi.tuyensinh247.com/diem-chuan/dai-hoc-cong-nghiep-vinh-DCV.html", "university_code": "DCV", "university_name": "Đại học Công nghiệp Vinh"}
{"url": "https://diemthi.tuyensinh247.com/diem-chuan/dai-hoc-cong-nghe-dong-a-DDA.html", "university_code": "DDA", "university_name": "Đại Học Công Nghệ Đông Á"}
{"url": "https://diemthi.tuyensinh247.com/diem-chuan/dai-hoc-ngoai-ngu-dai-hoc-da-nang-DDF.html", "university_code": "DDF", "university_name": "Đại Học Ngoại Ngữ – Đại Học Đà Nẵng"}
{"url": "https://diemthi.tuyensinh247.com/diem-chuan/khoa-giao-duc-the-chat-dai-hoc-da-nang-DDG.html", "university_code": "DDG", "university_name": "Đại học Đà Nẵng"}
{"url": "https://diemthi.tuyensinh247.com/diem-chuan/dai-hoc-bach-khoa-dai-hoc-da-nang-DDK.html", "university_code": "DDK", "university_name": "Đại Học Bách Khoa – Đại Học Đà Nẵng"}
{"url": "https://diemthi.tuyensinh247.com/diem-chuan/dai-hoc-dien-luc-DDL.html", "university_code": "DDL", "university_name": "Đại Học Điện Lực"}
{"url": "https://diemthi.tuyensinh247.com/diem-chuan/dai-hoc-cong-nghiep-quang-ninh-DDM.html", "university_code": "DDM", "university_name": "Đại Học Công Nghiệp Quảng Ninh"}
{"url": "https://diemthi.tuyensinh247.com/diem-chuan/dai-hoc-dai-nam-DDN.html", "university_code": "DDN", "university_name": "Đại Học Đại Nam"}
{"url": "https://diemthi.tuyensinh247.com/diem-chuan/phan-hieu-dai-hoc-da-nang-tai-kon-tum-DDP.html", "university_code": "DDP", "university_name": "Phân Hiệu Đại Học Đà Nẵng tại Kon Tum"}
{"url": "https://diemthi.tuyensinh247.com/diem-chuan/dai-hoc-kinh-te-dai-hoc-da-nang-DDQ.html", "university_code": "DDQ", "university_name": "Đại Học Kinh Tế – Đại Học Đà Nẵng"}
{"url": "https://diemthi.tuyensinh247.com/diem-chuan/dai-hoc-su-pham-dai-hoc-da-nang-DDS.html", "university_code": "DDS", "university_name": "Đại Học Sư Phạm – Đại Học Đà Nẵng"}
{"url": "https://diemthi.tuyensinh247.com/diem-chuan/dai-hoc-dan-lap-duy-tan-DDT.html", "university_code": "DDT", "university_name": "Đại Học Dân Lập Duy Tân"}
{"url": "https://diemthi.tuyensinh247.com/diem-chuan/vien-nghien-cuu-va-dao-tao-viet-anh-dai-hoc-da-nang-DDV.html", "university_code": "DDV", "university_name": "Đại học Đà Nẵng"}
{"url": "https://diemthi.tuyensinh247.com/diem-chuan/khoa-y-duoc-dai-hoc-da-nang-DDY.html", "university_code": "DDY", "university_name": "Khoa Y Dược – Đại Học Đà Nẵng"}
{"url": "https://diemthi.tuyensinh247.com/diem-chuan/dai-hoc-tai-chinh-quan-tri-kinh-doanh-DFA.html", "university_code": "DFA", "university_name": "Đại học Tài Chính – Quản Trị Kinh Doanh"}
{"url": "https://diemthi.tuyensinh247.com/diem-chuan/dai-hoc-luat-dai-hoc-hue-DHA.html", "university_code": "DHA", "university_name": "Đại Học Huế"}
{"url": "https://diemthi.tuyensinh247.com/diem-chuan/khoa-giao-duc-the-chat-dai-hoc-hue-DHC.html", "university_code": "DHC", "university_name": "Khoa Giáo Dục Thể Chất – Đại Học Huế"}
{"url": "https://diemthi.tuyensinh247.com/diem-chuan/khoa-du-lich-dai-hoc-hue-DHD.html", "university_code": "DHD", "university_name": "Khoa Du Lịch – Đại Học Huế"}
{"url": "https://diemthi.tuyensinh247.com/diem-chuan/dai-hoc-ngoai-ngu-dai-hoc-hue-DHF.html", "university_code": "DHF", "university_name": "Đại Học Ngoại Ngữ – Đại Học Huế"}
{"url": "https://diemthi.tuyensinh247.com/diem-chuan/dai-hoc-kinh-te-dai-hoc-hue-DHK.html", "university_code": "DHK", "university_name": "Đại Học Kinh Tế – Đại Học Huế"}
{"url": "https://diemthi.tuyensinh247.com/diem-chuan/dai-hoc-nong-lam-dai-hoc-hue-DHL.html", "university_code": "DHL", "university_name": "Đại Học Nông Lâm – Đại Học Huế"}
{"url": "https://diemthi.tuyensinh247.com/diem-chuan/dai-hoc-nghe-thuat-dai-hoc-hue-DHN.html", "university_code": "DHN", "university_name": "Đại Học Nghệ Thuật – Đại Học Huế"}
{"url": "https://diemthi.tuyensinh247.com/diem-chuan/dai-hoc-dan-lap-hai-phong-DHP.html", "university_code": "DHP", "university_name": "Đại Học Dân Lập Hải Phòng"}
{"url": "https://diemthi.tuyensinh247.com/diem-chuan/phan-hieu-dai-hoc-hue-tai-quang-tri-DHQ.html", "university_code": "DHQ", "university_name": "Phân Hiệu Đại Học Huế tại Quảng Trị"}
{"url": "https://diemthi.tuyensinh247.com/diem-chuan/dai-hoc-su-pham-dai-hoc-hue-DHS.html", "university_code": "DHS", "university_name": "Đại Học Sư Phạm – Đại Học Huế"}
{"url": "https://diemthi.tuyensinh247.com/diem-chuan/dai-hoc-khoa-hoc-dai-hoc-hue-DHT.html", "university_code": "DHT", "university_name": "Đại Học Khoa Học – Đại Học Huế"}
{"url": "https://diemthi.tuyensinh247.com/diem-chuan/dai-hoc-hung-vuong-tphcm-DHV.html", "university_code": "DHV", "university_name": "TPHCM"}
{"url": "https://diemthi.tuyensinh247.com/diem-chuan/dai-hoc-y-duoc-dai-hoc-hue-DHY.html", "university_code": "DHY", "university_name": "Đại Học Y Dược – Đại Học Huế"}
{"url": "https://diemthi.tuyensinh247.com/diem-chuan/dai-hoc-kinh-te-ky-thuat-binh-duong-DKB.html", "university_code": "DKB", "university_name": "Đại Học Kinh Tế Kỹ Thuật Bình Dương"}
{"url": "https://diemthi.tuyensinh247.com/diem-chuan/dai-hoc-cong-nghe-tphcm-DKC.html", "university_code": "DKC", "university_name": "Đại học Công Nghệ TPHCM"}
{"url": "https://diemthi.tuyensinh247.com/diem-chuan/dai-hoc-duoc-ha-noi-DKH.html", "university_code": "DKH", "university_name": "Đại Học Dược Hà Nội"}
{"url": "https://diemthi.tuyensinh247.com/diem-chuan/dai-hoc-kinh-te-ky-thuat-cong-nghiep-DKK.html", "university_code": "DKK", "university_name": "Đại Học Kinh Tế Kỹ Thuật Công Nghiệp"}
{"url": "https://diemthi.tuyensinh247.com/diem-chuan/dai-hoc-tai-chinh-ke-toan-DKQ.html", "university_code": "DKQ", "university_name": "Đại học Tài Chính Kế Toán"}
{"url": "https://diemthi.tuyensinh247.com/diem-chuan/dai-hoc-kiem-sat-ha-noi-DKS.html", "university_code": "DKS", "university_name": "Đại học Kiếm Sát Hà Nội"}
{"url": "https://diemthi.tuyensinh247.com/diem-chuan/dai-hoc-hai-duong-DKT.html", "university_code": "DKT", "university_name": "Đại Học Hải Dương"}
{"url": "https://diemthi.tuyensinh247.com/diem-chuan/dai-hoc-ky-thuat-y-te-hai-duong-DKY.html", "university_code": "DKY", "university_name": "Đại Học Kỹ Thuật Y Tế Hải Dương"}
{"url": "https://diemthi.tuyensinh247.com/diem-chuan/dai-hoc-kinh-te-cong-nghiep-long-an-DLA.html", "university_code": "DLA", "university_name": "Đại Học Kinh Tế Công Nghiệp Long An"}
{"url": "https://diemthi.tuyensinh247.com/diem-chuan/dai-hoc-lac-hong-DLH.html", "university_code": "DLH", "university_name": "Đại Học Lạc Hồng"}
{"url": "https://diemthi.tuyensinh247.com/diem-chuan/dai-hoc-lao-dong-xa-hoi-co-so-phia-nam-DLS.html", "university_code": "DLS", "university_name": "Đại Học Lao Động – Xã Hội ( Cơ sở phía Nam)"}
{"url": "https://diemthi.tuyensinh247.com/diem-chuan/dai-hoc-lao-dong-xa-hoi-co-so-son-tay-DLT.html", "university_code": "DLT", "university_name": "Đại Học Lao Động – Xã Hội ( Cơ sở Sơn Tây )"}
{"url": "https://diemthi.tuyensinh247.com/diem-chuan/dai-hoc-lao-dong-xa-hoi-co-so-ha-noi-DLX.html", "university_code": "DLX", "university_name": "Đại Học Lao Động – Xã Hội ( Cơ sở Hà Nội )"}
{"url": "https://diemthi.tuyensinh247.com/diem-chuan/dai-hoc-cong-nghe-mien-dong-DMD.html", "university_code": "DMD", "university_name": "Đại học Công nghệ Miền Đông"}
{"url": "https://diemthi.tuyensinh247.com/diem-chuan/dai-hoc-tai-chinh-marketing-DMS.html", "university_code": "DMS", "university_name": "Đại Học Tài Chính Marketing"}
{"url": "https://diemthi.tuyensinh247.com/diem-chuan/dai-hoc-tai-nguyen-va-moi-truong-ha-noi-DMT.html", "university_code": "DMT", "university_name": "Đại học Tài Nguyên và Môi Trường Hà Nội"}
{"url": "https://diemthi.tuyensinh247.com/diem-chuan/dai-hoc-hoa-lu-DNB.html", "university_code": "DNB", "university_name": "Đại Học Hoa Lư"}
{"url": "https://diemthi.tuyensinh247.com/diem-chuan/dai-hoc-ngoai-ngu-tin-hoc-tphcm-DNT.html", "university_code": "DNT", "university_name": "Đại Học Ngoại Ngữ – Tin Học TPHCM"}
{"url": "https://diemthi.tuyensinh247.com/diem-chuan/dai-hoc-dong-nai-DNU.html", "university_code": "DNU", "university_name": "Đại Học Đồng Nai"}
{"url": "https://diemthi.tuyensinh247.com/diem-chuan/dai-hoc-noi-vu-DNV.html", "university_code": "DNV", "university_name": "Đại Học Nội Vụ"}
{"url": "https://diemthi.tuyensinh247.com/diem-chuan/dai-hoc-phan-chau-trinh-DPC.html", "university_code": "DPC", "university_name": "Đại Học Phan Châu Trinh"}
{"url": "https://diemthi.tuyensinh247.com/diem-chuan/dai-hoc-dan-lap-phuong-dong-DPD.html", "university_code": "DPD", "university_name": "Đại Học Dân Lập Phương Đông"}
{"url": "https://diemthi.tuyensinh247.com/diem-chuan/dai-hoc-pham-van-dong-DPQ.html", "university_code": "DPQ", "university_name": "Đại Học Phạm Văn Đồng"}
{"url": "https://diemthi.tuyensinh247.com/diem-chuan/dai-hoc-phan-thiet-DPT.html", "university_code": "DPT", "university_name": "Đại Học Phan Thiết"}
{"url": "https://diemthi.tuyensinh247.com/diem-chuan/dai-hoc-phu-yen-DPY.html", "university_code": "DPY", "university_name": "Đại Học Phú Yên"}
{"url": "https://diemthi.tuyensinh247.com/diem-chuan/dai-hoc-quang-binh-DQB.html", "university_code": "DQB", "university_name": "Đại Học Quảng Bình"}
{"url": "https://diemthi.tuyensinh247.com/diem-chuan/hoc-vien-ki-thuat-quan-su-he-dan-su-DQH.html", "university_code": "DQH", "university_name": "Hệ Dân sự"}
{"url": "https://diemthi.tuyensinh247.com/diem-chuan/dai-hoc-kinh-doanh-va-cong-nghe-ha-noi-DQK.html", "university_code": "DQK", "university_name": "Đại Học Kinh Doanh và Công Nghệ Hà Nội"}
{"url": "https://diemthi.tuyensinh247.com/diem-chuan/dai-hoc-quy-nhon-DQN.html", "university_code": "DQN", "university_name": "Đại Học Quy Nhơn"}
{"url": "https://diemthi.tuyensinh247.com/diem-chuan/dai-hoc-quang-trung-DQT.html", "university_code": "DQT", "university_name": "Đại Học Quang Trung"}
{"url": "https://diemthi.tuyensinh247.com/diem-chuan/dai-hoc-quang-nam-DQU.html", "university_code": "DQU", "university_name": "Đại Học Quảng Nam"}
{"url": "https://diemthi.tuyensinh247.com/diem-chuan/dai-hoc-cong-nghe-sai-gon-DSG.html", "university_code": "DSG", "university_name": "Đại Học Công Nghệ Sài Gòn"}
{"url": "https://diemthi.tuyensinh247.com/diem-chuan/dai-hoc-su-pham-ky-thuat-dai-hoc-da-nang-DSK.html", "university_code": "DSK", "university_name": "Đại học Đà Nẵng"}
{"url": "https://diemthi.tuyensinh247.com/diem-chuan/dai-hoc-phenikaa-DTA.html", "university_code": "DTA", "university_name": "Đại Học Phenikaa"}
{"url": "https://diemthi.tuyensinh247.com/diem-chuan/dai-hoc-cong-nghe-thong-tin-va-truyen-thong-dai-hoc-thai-nguyen-DTC.html", "university_code": "DTC", "university_name": "Đại học Công Nghệ Thông Tin và Truyền Thông – Đại Học Thái Nguyên"}
{"url": "https://diemthi.tuyensinh247.com/diem-chuan/dai-hoc-tay-do-DTD.html", "university_code": "DTD", "university_name": "Đại Học Tây Đô"}
{"url": "https://diemthi.tuyensinh247.com/diem-chuan/dai-hoc-kinh-te-quan-tri-kinh-doanh-dai-hoc-thai-nguyen-DTE.html", "university_code": "DTE", "university_name": "Đại Học Kinh Tế  & Quản Trị Kinh Doanh – Đại Học Thái Nguyên"}
{"url": "https://diemthi.tuyensinh247.com/diem-chuan/khoa-ngoai-ngu-dai-hoc-thai-nguyen-DTF.html", "university_code": "DTF", "university_name": "Khoa Ngoại Ngữ – Đại Học Thái Nguyên"}
{"url": "https://diemthi.tuyensinh247.com/diem-chuan/dai-hoc-hoa-sen-DTH.html", "university_code": "DTH", "university_name": "Đại Học Hoa Sen"}
{"url": "https://diemthi.tuyensinh247.com/diem-chuan/dai-hoc-thang-long-DTL.html", "university_code": "DTL", "university_name": "Đại Học Thăng Long"}
{"url": "https://diemthi.tuyensinh247.com/diem-chuan/dh-tai-nguyen-moi-truong-tphcm-DTM.html", "university_code": "DTM", "university_name": "ĐH Tài Nguyên môi trường TPHCM"}
{"url": "https://diemthi.tuyensinh247.com/diem-chuan/dai-hoc-nong-lam-dai-hoc-thai-nguyen-DTN.html", "university_code": "DTN", "university_name": "Đại Học Nông Lâm – Đại Học Thái Nguyên"}
{"url": "https://diemthi.tuyensinh247.com/diem-chuan/phan-hieu-dai-hoc-thai-nguyen-tai-lao-cai-DTP.html", "university_code": "DTP", "university_name": "Phân Hiệu Đại Học Thái Nguyên Tại Lào Cai"}
{"url": "https://diemthi.tuyensinh247.com/diem-chuan/khoa-quoc-te-dai-hoc-thai-nguyen-DTQ.html", "university_code": "DTQ", "university_name": "Đại Học Thái Nguyên"}
{"url": "https://diemthi.tuyensinh247.com/diem-chuan/daihoc-su-pham-dai-hoc-thai-nguyen-DTS.html", "university_code": "DTS", "university_name": "Đại Học Sư Phạm – Đại Học Thái Nguyên"}
{"url": "https://diemthi.tuyensinh247.com/diem-chuan/dai-hoc-ton-duc-thang-DTT.html", "university_code": "DTT", "university_name": "Đại Học Tôn Đức Thắng"}
{"url": "https://diemthi.tuyensinh247.com/diem-chuan/dai-hoc-y-duoc-dai-hoc-thai-nguyen-DTY.html", "university_code": "DTY", "university_name": "Đại Học Y Dược – Đại Học Thái Nguyên"}
{"url": "https://diemthi.tuyensinh247.com/diem-chuan/dai-hoc-khoa-hoc-dai-hoc-thai-nguyen-DTZ.html", "university_code": "DTZ", "university_name": "Đại Học Khoa Học – Đại Học Thái Nguyên"}
{"url": "https://diemthi.tuyensinh247.com/diem-chuan/dai-hoc-viet-bac-DVB.html", "university_code": "DVB", "university_name": "Đại Học Việt Bắc"}
{"url": "https://diemthi.tuyensinh247.com/diem-chuan/dai-hoc-van-hien-DVH.html", "university_code": "DVH", "university_name": "Đại Học Văn Hiến"}
{"url": "https://diemthi.tuyensinh247.com/diem-chuan/dai-hoc-dan-lap-van-lang-DVL.html", "university_code": "DVL", "university_name": "Đại Học Dân Lập Văn Lang"}
{"url": "https://diemthi.tuyensinh247.com/diem-chuan/dai-hoc-tra-vinh-DVT.html", "university_code": "DVT", "university_name": "Đại Học Trà Vinh"}
{"url": "https://diemthi.tuyensinh247.com/diem-chuan/dai-hoc-cong-nghe-van-xuan-DVX.html", "university_code": "DVX", "university_name": "Đại Học Công Nghệ Vạn Xuân"}
{"url": "https://diemthi.tuyensinh247.com/diem-chuan/dai-hoc-quoc-te-mien-dong-EIU.html", "university_code": "EIU", "university_name": "Đại Học Quốc Tế Miền Đông"}
{"url": "https://diemthi.tuyensinh247.com/diem-chuan/dai-hoc-tai-chinh-ngan-hang-ha-noi-FBU.html", "university_code": "FBU", "university_name": "Đại Học Tài Chính Ngân Hàng Hà Nội"}
{"url": "https://diemthi.tuyensinh247.com/diem-chuan/dai-hoc-fpt-FPT.html", "university_code": "FPT", "university_name": "Đại Học FPT"}
{"url": "https://diemthi.tuyensinh247.com/diem-chuan/dai-hoc-giao-thong-van-tai-co-so-phia-bac-GHA.html", "university_code": "GHA", "university_name": "Đại Học Giao Thông Vận Tải ( Cơ sở Phía Bắc )"}
{"url": "https://diemthi.tuyensinh247.com/diem-chuan/dai-hoc-su-pham-nghe-thuat-trung-uong-GNT.html", "university_code": "GNT", "university_name": "Đại Học Sư Phạm Nghệ Thuật Trung Ương"}
{"url": "https://diemthi.tuyensinh247.com/diem-chuan/dai-hoc-giao-thong-van-tai-co-so-phia-nam-GSA.html", "university_code": "GSA", "university_name": "Đại Học Giao Thông Vận Tải ( Cơ sở Phía Nam)"}
{"url": "https://diemthi.tuyensinh247.com/diem-chuan/dai-hoc-cong-nghe-giao-thong-van-tai-GTA.html", "university_code": "GTA", "university_name": "Đại học Công nghệ Giao thông vận tải"}
{"url": "https://diemthi.tuyensinh247.com/diem-chuan/dai-hoc-giao-thong-van-tai-tphcm-GTS.html", "university_code": "GTS", "university_name": "Đại Học Giao Thông Vận Tải TPHCM"}
{"url": "https://diemthi.tuyensinh247.com/diem-chuan/hoc-vien-bao-chi-tuyen-truyen-HBT.html", "university_code": "HBT", "university_name": "Học Viện Báo Chí – Tuyên Truyền"}
{"url": "https://diemthi.tuyensinh247.com/diem-chuan/hoc-vien-chinh-sach-va-phat-trien-HCP.html", "university_code": "HCP", "university_name": "Học Viên Chính Sách và Phát Triển"}
{"url": "https://diemthi.tuyensinh247.com/diem-chuan/dai-hoc-hong-duc-HDT.html", "university_code": "HDT", "university_name": "Đại Học Hồng Đức"}
{"url": "https://diemthi.tuyensinh247.com/diem-chuan/hoc-vien-hau-can-he-quan-su-HEH.html", "university_code": "HEH", "university_name": "Hệ Quân sự"}
{"url": "https://diemthi.tuyensinh247.com/diem-chuan/hoc-vien-hau-can-he-dan-su-HFH.html", "university_code": "HFH", "university_name": "Hệ Dân sự"}
{"url": "https://diemthi.tuyensinh247.com/diem-chuan/truong-si-quan-phong-hoa-HGH.html", "university_code": "HGH", "university_name": "Trường Sĩ Quan Phòng Hóa"}
{"url": "https://diemthi.tuyensinh247.com/diem-chuan/dai-hoc-hang-hai-HHA.html", "university_code": "HHA", "university_name": "Đại Học Hàng Hải"}
{"url": "https://diemthi.tuyensinh247.com/diem-chuan/hoc-vien-hang-khong-viet-nam-HHK.html", "university_code": "HHK", "university_name": "Học Viện Hàng Không Việt Nam"}
{"url": "https://diemthi.tuyensinh247.com/diem-chuan/dai-hoc-ha-tinh-HHT.html", "university_code": "HHT", "university_name": "Đại Học Hà Tĩnh"}
{"url": "https://diemthi.tuyensinh247.com/diem-chuan/dai-hoc-quoc-te-hong-bang-HIU.html", "university_code": "HIU", "university_name": "Đại Học Quốc Tế Hồng Bàng"}
{"url": "https://diemthi.tuyensinh247.com/diem-chuan/dai-hoc-ha-long-HLU.html", "university_code": "HLU", "university_name": "Đại Học Hạ Long"}
{"url": "https://diemthi.tuyensinh247.com/diem-chuan/dai-hoc-thu-do-ha-noi-HNM.html", "university_code": "HNM", "university_name": "Đại học Thủ Đô Hà Nội"}
{"url": "https://diemthi.tuyensinh247.com/diem-chuan/hoc-vien-phu-nu-viet-nam-HPN.html", "university_code": "HPN", "university_name": "Học Viện Phụ Nữ Việt Nam"}
{"url": "https://diemthi.tuyensinh247.com/diem-chuan/hoc-vien-hai-quan-HQH.html", "university_code": "HQH", "university_name": "Học Viện Hải Quân"}
{"url": "https://diemthi.tuyensinh247.com/diem-chuan/hoc-vien-ngoai-giao-HQT.html", "university_code": "HQT", "university_name": "Học Viện Ngoại Giao"}
{"url": "https://diemthi.tuyensinh247.com/diem-chuan/hoc-vien-toa-an-HTA.html", "university_code": "HTA", "university_name": "Học viện Tòa án"}
{"url": "https://diemthi.tuyensinh247.com/diem-chuan/hoc-vien-tai-chinh-HTC.html", "university_code": "HTC", "university_name": "Học Viện Tài Chính"}
{"url": "https://diemthi.tuyensinh247.com/diem-chuan/hoc-vien-thanh-thieu-nien-viet-nam-HTN.html", "university_code": "HTN", "university_name": "Học Viện Thanh Thiếu Niên Việt Nam"}
{"url": "https://diemthi.tuyensinh247.com/diem-chuan/dai-hoc-cong-nghiep-tphcm-HUI.html", "university_code": "HUI", "university_name": "Đại Học Công Nghiệp TPHCM"}
{"url": "https://diemthi.tuyensinh247.com/diem-chuan/hoc-vien-can-bo-tphcm-HVC.html", "university_code": "HVC", "university_name": "Học viện cán bộ TPHCM"}
{"url": "https://diemthi.tuyensinh247.com/diem-chuan/hoc-vien-nong-nghiep-viet-nam-HVN.html", "university_code": "HVN", "university_name": "Học Viện Nông Nghiệp Việt Nam"}
{"url": "https://diemthi.tuyensinh247.com/diem-chuan/hoc-vien-y-duoc-hoc-co-truyen-viet-nam-HYD.html", "university_code": "HYD", "university_name": "Học Viện Y Dược Học Cổ Truyền Việt Nam"}
{"url": "https://diemthi.tuyensinh247.com/diem-chuan/dai-hoc-ky-thuat-cong-nghe-can-tho-KCC.html", "university_code": "KCC", "university_name": "Đại học Kỹ Thuật Công Nghệ Cần Thơ"}
{"url": "https://diemthi.tuyensinh247.com/diem-chuan/truong-si-quan-khong-quan-he-cao-dang-KGC.html", "university_code": "KGC", "university_name": "Hệ Cao đẳng"}
{"url": "https://diemthi.tuyensinh247.com/diem-chuan/truong-si-quan-khong-quan-he-dai-hoc-KGH.html", "university_code": "KGH", "university_name": "Hệ Đại học"}
{"url": "https://diemthi.tuyensinh247.com/diem-chuan/dai-hoc-kinh-te-quoc-dan-KHA.html", "university_code": "KHA", "university_name": "Đại Học Kinh Tế Quốc Dân"}
{"url": "https://diemthi.tuyensinh247.com/diem-chuan/hoc-vien-ky-thuat-mat-ma-KMA.html", "university_code": "KMA", "university_name": "Học Viện Kỹ Thuật Mật Mã"}
{"url": "https://diemthi.tuyensinh247.com/diem-chuan/hoc-vien-ki-thuat-quan-su-he-quan-su-KQH.html", "university_code": "KQH", "university_name": "Hệ Quân sự"}
{"url": "https://diemthi.tuyensinh247.com/diem-chuan/dai-hoc-kinh-te-tphcm-KSA.html", "university_code": "KSA", "university_name": "Đại Học Kinh Tế TPHCM"}
{"url": "https://diemthi.tuyensinh247.com/diem-chuan/dai-hoc-kien-truc-ha-noi-KTA.html", "university_code": "KTA", "university_name": "Đại Học Kiến Trúc Hà Nội"}
{"url": "https://diemthi.tuyensinh247.com/diem-chuan/dai-hoc-kien-truc-tphcm-KTS.html", "university_code": "KTS", "university_name": "Đại Học Kiến Trúc TPHCM"}
{"url": "https://diemthi.tuyensinh247.com/diem-chuan/truong-si-quan-luc-quan-1-dai-hoc-tran-quoc-tuan-LAH.html", "university_code": "LAH", "university_name": "Đại học Trần Quốc Tuấn"}
{"url": "https://diemthi.tuyensinh247.com/diem-chuan/truong-si-quan-luc-quan-2-dai-hoc-nguyen-hue-LBH.html", "university_code": "LBH", "university_name": "Đại học Nguyễn Huệ"}
{"url": "https://diemthi.tuyensinh247.com/diem-chuan/truong-si-quan-chinh-tri-dai-hoc-chinh-tri-LCH.html", "university_code": "LCH", "university_name": "Đại Học Chính Trị"}
{"url": "https://diemthi.tuyensinh247.com/diem-chuan/dai-hoc-cong-doan-LDA.html", "university_code": "LDA", "university_name": "Đại Học Công Đoàn"}
{"url": "https://diemthi.tuyensinh247.com/diem-chuan/dai-hoc-lam-nghiep-co-so-1-LNH.html", "university_code": "LNH", "university_name": "Đại Học Lâm Nghiệp ( Cơ sở 1 )"}
{"url": "https://diemthi.tuyensinh247.com/diem-chuan/dai-hoc-luat-ha-noi-LPH.html", "university_code": "LPH", "university_name": "Đại Học Luật Hà Nội"}
{"url": "https://diemthi.tuyensinh247.com/diem-chuan/dai-hoc-luat-tphcm-LPS.html", "university_code": "LPS", "university_name": "Đại Học Luật TPHCM"}
{"url": "https://diemthi.tuyensinh247.com/diem-chuan/dai-hoc-mo-tphcm-MBS.html", "university_code": "MBS", "university_name": "Đại Học Mở TPHCM"}
{"url": "https://diemthi.tuyensinh247.com/diem-chuan/dai-hoc-mo-dia-chat-MDA.html", "university_code": "MDA", "university_name": "Đại Học Mỏ Địa Chất"}
{"url": "https://diemthi.tuyensinh247.com/diem-chuan/vien-dai-hoc-mo-ha-noi-MHN.html", "university_code": "MHN", "university_name": "Viện Đại Học Mở Hà Nội"}
{"url": "https://diemthi.tuyensinh247.com/diem-chuan/dai-hoc-my-thuat-cong-nghiep-MTC.html", "university_code": "MTC", "university_name": "Đại Học Mỹ Thuật Công Nghiệp"}
{"url": "https://diemthi.tuyensinh247.com/diem-chuan/dai-hoc-my-thuat-viet-nam-MTH.html", "university_code": "MTH", "university_name": "Đại Học Mỹ Thuật Việt Nam"}
{"url": "https://diemthi.tuyensinh247.com/diem-chuan/dai-hoc-xay-dung-mien-tay-MTU.html", "university_code": "MTU", "university_name": "Đại Học Xây Dựng Miền Tây"}
{"url": "https://diemthi.tuyensinh247.com/diem-chuan/dai-hoc-ha-noi-NHF.html", "university_code": "NHF", "university_name": "Đại Học Hà Nội"}
{"url": "https://diemthi.tuyensinh247.com/diem-chuan/hoc-vien-ngan-hang-NHH.html", "university_code": "NHH", "university_name": "Học Viện Ngân Hàng"}
{"url": "https://diemthi.tuyensinh247.com/diem-chuan/dai-hoc-ngan-hang-tphcm-NHS.html", "university_code": "NHS", "university_name": "Đại Học Ngân Hàng TPHCM"}
{"url": "https://diemthi.tuyensinh247.com/diem-chuan/dai-hoc-nong-lam-tphcm-NLS.html", "university_code": "NLS", "university_name": "Đại Học Nông Lâm TPHCM"}
{"url": "https://diemthi.tuyensinh247.com/diem-chuan/hoc-vien-khoa-hoc-quan-su-he-quan-su-NQH.html", "university_code": "NQH", "university_name": "Hệ Quân sự"}
{"url": "https://diemthi.tuyensinh247.com/diem-chuan/dai-hoc-ngoai-thuong-co-so-phia-bac-NTH.html", "university_code": "NTH", "university_name": "Đại Học Ngoại Thương ( Cơ sở phía Bắc )"}
{"url": "https://diemthi.tuyensinh247.com/diem-chuan/dai-hoc-ngoai-thuong-phia-nam-NTS.html", "university_code": "NTS", "university_name": "Đại Học Ngoại Thương (phía Nam)"}
{"url": "https://diemthi.tuyensinh247.com/diem-chuan/dai-hoc-nguyen-tat-thanh-NTT.html", "university_code": "NTT", "university_name": "Đại Học Nguyễn Tất Thành"}
{"url": "https://diemthi.tuyensinh247.com/diem-chuan/dai-hoc-nguyen-trai-NTU.html", "university_code": "NTU", "university_name": "Đại Học Nguyễn Trãi"}
{"url": "https://diemthi.tuyensinh247.com/diem-chuan/truong-si-quan-phao-binh-PBH.html", "university_code": "PBH", "university_name": "Trường Sĩ Quan Pháo Binh"}
{"url": "https://diemthi.tuyensinh247.com/diem-chuan/dai-hoc-phong-chay-chua-chay-phia-bac-PCH.html", "university_code": "PCH", "university_name": "Đại Học Phòng Cháy Chữa Cháy ( Phía Bắc )"}
{"url": "https://diemthi.tuyensinh247.com/diem-chuan/dai-hoc-phong-chay-chua-chay-he-dan-su-phia-bac-PCH1.html", "university_code": "PCH1", "university_name": "Đại Học Phòng Cháy Chữa Cháy ( Hệ Dân sự Phía Bắc )"}
{"url": "https://diemthi.tuyensinh247.com/diem-chuan/dai-hoc-phong-chay-chua-chay-phia-nam-PCS.html", "university_code": "PCS", "university_name": "Đại Học Phòng Cháy Chữa Cháy (phía Nam)"}
{"url": "https://diemthi.tuyensinh247.com/diem-chuan/dai-hoc-phong-chay-chua-chay-he-dan-su-phia-nam-PCS1.html", "university_code": "PCS1", "university_name": "Đại Học Phòng Cháy Chữa Cháy (Hệ Dân sự Phía Nam)"}
{"url": "https://diemthi.tuyensinh247.com/diem-chuan/hoc-vien-phong-khong-khong-quan-PKH.html", "university_code": "PKH", "university_name": "Học Viện Phòng Không – Không Quân"}
{"url": "https://diemthi.tuyensinh247.com/diem-chuan/dai-hoc-dau-khi-viet-nam-PVU.html", "university_code": "PVU", "university_name": "Đại Học Dầu Khí Việt Nam"}
{"url": "https://diemthi.tuyensinh247.com/diem-chuan/dai-hoc-kinh-te-dai-hoc-quoc-gia-ha-noi-QHE.html", "university_code": "QHE", "university_name": "Đại Học Kinh Tế – Đại Học Quốc Gia Hà Nội"}
{"url": "https://diemthi.tuyensinh247.com/diem-chuan/dai-hoc-ngoai-ngu-dai-hoc-quoc-gia-ha-noi-QHF.html", "university_code": "QHF", "university_name": "Đại Học Ngoại Ngữ – Đại Học Quốc Gia Hà Nội"}
{"url": "https://diemthi.tuyensinh247.com/diem-chuan/dai-hoc-cong-nghe-dai-hoc-quoc-gia-ha-noi-QHI.html", "university_code": "QHI", "university_name": "Đại Học Công Nghệ – Đại Học Quốc Gia Hà Nội"}
{"url": "https://diemthi.tuyensinh247.com/diem-chuan/khoa-luat-dai-hoc-quoc-gia-ha-noi-QHL.html", "university_code": "QHL", "university_name": "Khoa Luật – Đại Học Quốc Gia Hà Nội"}
{"url": "https://diemthi.tuyensinh247.com/diem-chuan/khoa-quoc-te-dai-hoc-quoc-gia-ha-noi-QHQ.html", "university_code": "QHQ", "university_name": "Khoa Quốc Tế – Đại Học Quốc Gia Hà Nội"}
{"url": "https://diemthi.tuyensinh247.com/diem-chuan/dai-hoc-giao-duc-dai-hoc-quoc-gia-ha-noi-QHS.html", "university_code": "QHS", "university_name": "Đại học Quốc Gia Hà Nội"}
{"url": "https://diemthi.tuyensinh247.com/diem-chuan/dai-hoc-khoa-hoc-tu-nhien-dai-hoc-quoc-gia-ha-noi-QHT.html", "university_code": "QHT", "university_name": "Đại Học Khoa Học Tự Nhiên – Đại Học Quốc Gia Hà Nội"}
{"url": "https://diemthi.tuyensinh247.com/diem-chuan/dai-hoc-khoa-hoc-xa-hoi-va-nhan-van-dai-hoc-quoc-gia-ha-noi-QHX.html", "university_code": "QHX", "university_name": "Đại Học Khoa Học Xã Hội và Nhân Văn – Đại Học Quốc Gia Hà Nội"}
{"url": "https://diemthi.tuyensinh247.com/diem-chuan/khoa-y-duoc-dai-hoc-quoc-gia-ha-noi-QHY.html", "university_code": "QHY", "university_name": "Đại học Quốc Gia Hà Nội"}
{"url": "https://diemthi.tuyensinh247.com/diem-chuan/dai-hoc-bach-khoa-dai-hoc-quoc-gia-tphcm-QSB.html", "university_code": "QSB", "university_name": "Đại Học Bách Khoa – Đại Học Quốc Gia TPHCM"}
{"url": "https://diemthi.tuyensinh247.com/diem-chuan/dai-hoc-cong-nghe-thong-tin-dai-hoc-quoc-gia-tphcm-QSC.html", "university_code": "QSC", "university_name": "Đại Học Công Nghệ Thông Tin – Đại Học Quốc Gia TPHCM"}
{"url": "https://diemthi.tuyensinh247.com/diem-chuan/dai-hoc-kinh-te-luat-dai-hoc-quoc-gia-tphcm-QSK.html", "university_code": "QSK", "university_name": "Đại học Kinh Tế – Luật – Đại Học Quốc Gia TPHCM"}
{"url": "https://diemthi.tuyensinh247.com/diem-chuan/dai-hoc-quoc-te-dai-hoc-quoc-gia-tphcm-QSQ.html", "university_code": "QSQ", "university_name": "Đại Học Quốc Tế – Đại Học Quốc Gia TPHCM"}
{"url": "https://diemthi.tuyensinh247.com/diem-chuan/dai-hoc-khoa-hoc-tu-nhien-dai-hoc-quoc-gia-tphcm-QST.html", "university_code": "QST", "university_name": "Đại Học Khoa Học Tự Nhiên – Đại Học Quốc Gia TPHCM"}
{"url": "https://diemthi.tuyensinh247.com/diem-chuan/dai-hoc-khoa-hoc-xa-hoi-va-nhan-van-dai-hoc-quoc-gia-tphcm-QSX.html", "university_code": "QSX", "university_name": "Đại Học Khoa Học Xã Hội và Nhân Văn – Đại Học Quốc Gia TPHCM"}
{"url": "https://diemthi.tuyensinh247.com/diem-chuan/khoa-y-dai-hoc-quoc-gia-tphcm-QSY.html", "university_code": "QSY", "university_name": "Đại học Quốc Gia TPHCM"}
{"url": "https://diemthi.tuyensinh247.com/diem-chuan/dai-hoc-sao-do-SDU.html", "university_code": "SDU", "university_name": "Đại học Sao Đỏ"}
{"url": "https://diemthi.tuyensinh247.com/diem-chuan/dai-hoc-sai-gon-SGD.html", "university_code": "SGD", "university_name": "Đại Học Sài Gòn"}
{"url": "https://diemthi.tuyensinh247.com/diem-chuan/dai-hoc-su-pham-ky-thuat-hung-yen-SKH.html", "university_code": "SKH", "university_name": "Đại Học Sư Phạm Kỹ Thuật Hưng Yên"}
{"url": "https://diemthi.tuyensinh247.com/diem-chuan/dai-hoc-su-pham-ky-thuat-nam-dinh-SKN.html", "university_code": "SKN", "university_name": "Đại Học Sư Phạm Kỹ Thuật Nam Định"}
{"url": "https://diemthi.tuyensinh247.com/diem-chuan/dai-hoc-su-pham-ky-thuat-vinh-SKV.html", "university_code": "SKV", "university_name": "Đại Học Sư Phạm Kỹ Thuật Vinh"}
{"url": "https://diemthi.tuyensinh247.com/diem-chuan/truong-si-quan-cong-binh-he-quan-su-dai-hoc-ngo-quyen-SNH.html", "university_code": "SNH", "university_name": "Đại học Ngô Quyền"}
{"url": "https://diemthi.tuyensinh247.com/diem-chuan/dai-hoc-su-pham-ha-noi-2-SP2.html", "university_code": "SP2", "university_name": "Đại Học Sư Phạm Hà Nội 2"}
{"url": "https://diemthi.tuyensinh247.com/diem-chuan/dai-hoc-dong-thap-SPD.html", "university_code": "SPD", "university_name": "Đại Học Đồng Tháp"}
{"url": "https://diemthi.tuyensinh247.com/diem-chuan/dai-hoc-su-pham-ha-noi-SPH.html", "university_code": "SPH", "university_name": "Đại Học Sư Phạm Hà Nội"}
{"url": "https://diemthi.tuyensinh247.com/diem-chuan/dai-hoc-su-pham-ky-thuat-tphcm-SPK.html", "university_code": "SPK", "university_name": "Đại Học Sư Phạm Kỹ Thuật TPHCM"}
{"url": "https://diemthi.tuyensinh247.com/diem-chuan/dai-hoc-su-pham-tphcm-SPS.html", "university_code": "SPS", "university_name": "Đại Học Sư Phạm TPHCM"}
{"url": "https://diemthi.tuyensinh247.com/diem-chuan/dai-hoc-su-pham-the-ducthe-thao-tphcm-STS.html", "university_code": "STS", "university_name": "Đại Học Sư Phạm Thể DụcThể Thao TPHCM"}
{"url": "https://diemthi.tuyensinh247.com/diem-chuan/dai-hoc-an-giang-TAG.html", "university_code": "TAG", "university_name": "Đại Học An Giang"}
{"url": "https://diemthi.tuyensinh247.com/diem-chuan/dai-hoc-thai-binh-duong-TBD.html", "university_code": "TBD", "university_name": "Đại Học Thái Bình Dương"}
{"url": "https://diemthi.tuyensinh247.com/diem-chuan/dai-hoc-can-tho-TCT.html", "university_code": "TCT", "university_name": "Đại Học Cần Thơ"}
{"url": "https://diemthi.tuyensinh247.com/diem-chuan/dai-hoc-the-duc-the-thao-bac-ninh-TDB.html", "university_code": "TDB", "university_name": "Đại Học Thể Dục Thể Thao Bắc Ninh"}
{"url": "https://diemthi.tuyensinh247.com/diem-chuan/dai-hoc-thanh-do-TDD.html", "university_code": "TDD", "university_name": "Đại học Thành Đô"}
{"url": "https://diemthi.tuyensinh247.com/diem-chuan/dai-hoc-su-pham-the-duc-the-thao-ha-noi-TDH.html", "university_code": "TDH", "university_name": "Đại Học Sư Phạm Thể Dục Thể Thao Hà Nội"}
{"url": "https://diemthi.tuyensinh247.com/diem-chuan/dai-hoc-da-lat-TDL.html", "university_code": "TDL", "university_name": "Đại Học Đà Lạt"}
{"url": "https://diemthi.tuyensinh247.com/diem-chuan/dai-hoc-thu-dau-mot-TDM.html", "university_code": "TDM", "university_name": "Đại học Thủ Dầu Một"}
{"url": "https://diemthi.tuyensinh247.com/diem-chuan/dai-hoc-vinh-TDV.html", "university_code": "TDV", "university_name": "Đại Học Vinh"}
{"url": "https://diemthi.tuyensinh247.com/diem-chuan/truong-si-quan-tang-thiet-giap-TGH.html", "university_code": "TGH", "university_name": "Trường Sĩ  Quan Tăng – Thiết Giáp"}
{"url": "https://diemthi.tuyensinh247.com/diem-chuan/dai-hoc-hai-phong-THP.html", "university_code": "THP", "university_name": "Đại Học Hải Phòng"}
{"url": "https://diemthi.tuyensinh247.com/diem-chuan/dai-hoc-hung-vuong-THV.html", "university_code": "THV", "university_name": "Đại Học Hùng Vương"}
{"url": "https://diemthi.tuyensinh247.com/diem-chuan/dai-hoc-kien-giang-TKG.html", "university_code": "TKG", "university_name": "Đại học Kiên Giang"}
{"url": "https://diemthi.tuyensinh247.com/diem-chuan/dai-hoc-thuy-loi-co-so-1-TLA.html", "university_code": "TLA", "university_name": "Đại Học Thủy Lợi ( Cơ sở 1 )"}
{"url": "https://diemthi.tuyensinh247.com/diem-chuan/dai-hoc-thuong-mai-TMA.html", "university_code": "TMA", "university_name": "Đại Học Thương Mại"}
{"url": "https://diemthi.tuyensinh247.com/diem-chuan/dai-hoc-tan-trao-TQU.html", "university_code": "TQU", "university_name": "Đại học Tân Trào"}
{"url": "https://diemthi.tuyensinh247.com/diem-chuan/dai-hoc-nha-trang-TSN.html", "university_code": "TSN", "university_name": "Đại Học Nha Trang"}
{"url": "https://diemthi.tuyensinh247.com/diem-chuan/dai-hoc-tay-bac-TTB.html", "university_code": "TTB", "university_name": "Đại Học Tây Bắc"}
{"url": "https://diemthi.tuyensinh247.com/diem-chuan/dai-hoc-the-duc-the-thao-da-nang-TTD.html", "university_code": "TTD", "university_name": "Đại Học Thể Dục Thể Thao Đà Nẵng"}
{"url": "https://diemthi.tuyensinh247.com/diem-chuan/dai-hoc-tien-giang-TTG.html", "university_code": "TTG", "university_name": "Đại Học Tiền Giang"}
{"url": "https://diemthi.tuyensinh247.com/diem-chuan/truong-si-quan-thong-tin-he-quan-su-dai-hoc-thong-tin-lien-lac-TTH.html", "university_code": "TTH", "university_name": "Đại Học Thông Tin Liên Lạc"}
{"url": "https://diemthi.tuyensinh247.com/diem-chuan/dai-hoc-tay-nguyen-TTN.html", "university_code": "TTN", "university_name": "Đại Học Tây Nguyên"}
{"url": "https://diemthi.tuyensinh247.com/diem-chuan/dai-hoc-quoc-te-sai-gon-TTQ.html", "university_code": "TTQ", "university_name": "Đại Học Quốc Tế Sài Gòn"}
{"url": "https://diemthi.tuyensinh247.com/diem-chuan/dai-hoc-y-khoa-pham-ngoc-thach-TYS.html", "university_code": "TYS", "university_name": "Đại Học Y Khoa Phạm Ngọc Thạch"}
{"url": "https://diemthi.tuyensinh247.com/diem-chuan/dai-hoc-kinh-te-tai-chinh-tphcm-UEF.html", "university_code": "UEF", "university_name": "Tài Chính TPHCM"}
{"url": "https://diemthi.tuyensinh247.com/diem-chuan/dai-hoc-khanh-hoa-UKH.html", "university_code": "UKH", "university_name": "Đại học Khánh Hòa"}
{"url": "https://diemthi.tuyensinh247.com/diem-chuan/dai-hoc-viet-duc-VGU.html", "university_code": "VGU", "university_name": "Đại Học Việt Đức"}
{"url": "https://diemthi.tuyensinh247.com/diem-chuan/dai-hoc-cong-nghiep-viet-hung-VHD.html", "university_code": "VHD", "university_name": "Đại Học Công Nghiệp Việt Hung"}
{"url": "https://diemthi.tuyensinh247.com/diem-chuan/dai-hoc-van-hoa-ha-noi-VHH.html", "university_code": "VHH", "university_name": "Đại Học Văn Hóa Hà Nội"}
{"url": "https://diemthi.tuyensinh247.com/diem-chuan/dai-hoc-van-hoa-tphcm-VHS.html", "university_code": "VHS", "university_name": "Đại Học Văn Hóa TPHCM"}
{"url": "https://diemthi.tuyensinh247.com/diem-chuan/dai-hoc-su-pham-ky-thuat-vinh-long-VLU.html", "university_code": "VLU", "university_name": "Đại Học Sư Phạm Kỹ Thuật Vĩnh Long"}
{"url": "https://diemthi.tuyensinh247.com/diem-chuan/truong-si-quan-ki-thuat-quan-su-he-quan-su-dai-hoc-tran-dai-nghia-VPH.html", "university_code": "VPH", "university_name": "Đại Học Trần Đại Nghĩa"}
{"url": "https://diemthi.tuyensinh247.com/diem-chuan/dai-hoc-cong-nghiep-viet-tri-VUI.html", "university_code": "VUI", "university_name": "Đại Học Công Nghiệp Việt Trì"}
{"url": "https://diemthi.tuyensinh247.com/diem-chuan/dai-hoc-xay-dung-ha-noi-XDA.html", "university_code": "XDA", "university_name": "Đại Học Xây Dựng Hà Nội"}
{"url": "https://diemthi.tuyensinh247.com/diem-chuan/dai-hoc-xay-dung-mien-trung-XDT.html", "university_code": "XDT", "university_name": "Đại Học Xây Dựng Miền Trung"}
{"url": "https://diemthi.tuyensinh247.com/diem-chuan/dai-hoc-y-duoc-can-tho-YCT.html", "university_code": "YCT", "university_name": "Đại Học Y Dược Cần Thơ"}
{"url": "https://diemthi.tuyensinh247.com/diem-chuan/dai-hoc-dieu-duong-nam-dinh-YDD.html", "university_code": "YDD", "university_name": "Đại Học Điều Dưỡng Nam Định"}
{"url": "https://diemthi.tuyensinh247.com/diem-chuan/dai-hoc-ky-thuat-y-duoc-da-nang-YDN.html", "university_code": "YDN", "university_name": "Đại học Kỹ thuật Y Dược Đà Nẵng"}
{"url": "https://diemthi.tuyensinh247.com/diem-chuan/dai-hoc-y-duoc-tphcm-YDS.html", "university_code": "YDS", "university_name": "Đại Học Y Dược TPHCM"}
{"url": "https://diemthi.tuyensinh247.com/diem-chuan/dai-hoc-y-ha-noi-YHB.html", "university_code": "YHB", "university_name": "Đại Học Y Hà Nội"}
{"url": "https://diemthi.tuyensinh247.com/diem-chuan/dai-hoc-y-khoa-vinh-YKV.html", "university_code": "YKV", "university_name": "Đại Học Y Khoa Vinh"}
{"url": "https://diemthi.tuyensinh247.com/diem-chuan/dai-hoc-y-duoc-hai-phong-YPB.html", "university_code": "YPB", "university_name": "Đại Học Y Dược Hải Phòng"}
{"url": "https://diemthi.tuyensinh247.com/diem-chuan/hoc-vien-quan-y-he-quan-su-YQH.html", "university_code": "YQH", "university_name": "Hệ Quân sự"}
{"url": "https://diemthi.tuyensinh247.com/diem-chuan/dai-hoc-y-duoc-thai-binh-YTB.html", "university_code": "YTB", "university_name": "Đại Học Y Dược Thái Bình"}
{"url": "https://diemthi.tuyensinh247.com/diem-chuan/dai-hoc-y-te-cong-cong-YTC.html", "university_code": "YTC", "university_name": "Đại Học Y Tế Công Cộng"}
{"url": "https://diemthi.tuyensinh247.com/diem-chuan/dai-hoc-van-hoa-nghe-thuat-quan-doi-ZNH.html", "university_code": "ZNH", "university_name": "Đại Học Văn Hóa – Nghệ Thuật Quân Đội"}
{"url": "https://diemthi.tuyensinh247.com/diem-chuan/cao-dang-su-pham-ha-giang-C05.html", "university_code": "C05", "university_name": "Cao Đẳng Sư Phạm Hà Giang"}
{"url": "https://diemthi.tuyensinh247.com/diem-chuan/cao-dang-su-pham-cao-bang-C06.html", "university_code": "C06", "university_name": "Cao Đẳng Sư Phạm Cao Bằng"}
{"url": "https://diemthi.tuyensinh247.com/diem-chuan/cao-dang-su-pham-thai-nguyen-C12.html", "university_code": "C12", "university_name": "Cao Đẳng Sư Phạm Thái Nguyên"}
{"url": "https://diemthi.tuyensinh247.com/diem-chuan/cao-dang-su-pham-ngo-gia-tu-bac-giang-C18.html", "university_code": "C18", "university_name": "Cao Đẳng Sư Phạm Ngô Gia Tự Bắc Giang"}
{"url": "https://diemthi.tuyensinh247.com/diem-chuan/cao-dang-hai-duong-C21.html", "university_code": "C21", "university_name": "Cao Đẳng Hải Dương"}
{"url": "https://diemthi.tuyensinh247.com/diem-chuan/cao-dang-su-pham-hung-yen-C22.html", "university_code": "C22", "university_name": "Cao Đẳng Sư Phạm Hưng Yên"}
{"url": "https://diemthi.tuyensinh247.com/diem-chuan/cao-dang-su-pham-nam-dinh-C25.html", "university_code": "C25", "university_name": "Cao Đẳng Sư Phạm Nam Định"}
{"url": "https://diemthi.tuyensinh247.com/diem-chuan/cao-dang-su-pham-thai-binh-C26.html", "university_code": "C26", "university_name": "Cao Đẳng Sư Phạm Thái Bình"}
{"url": "https://diemthi.tuyensinh247.com/diem-chuan/cao-dang-su-pham-nghe-an-C29.html", "university_code": "C29", "university_name": "Cao Đẳng Sư Phạm Nghệ An"}
{"url": "https://diemthi.tuyensinh247.com/diem-chuan/cao-dang-su-pham-thua-thien-hue-C33.html", "university_code": "C33", "university_name": "Cao Đẳng Sư Phạm Thừa Thiên Huế"}
{"url": "https://diemthi.tuyensinh247.com/diem-chuan/cao-dang-su-pham-gia-lai-C38.html", "university_code": "C38", "university_name": "Cao Đẳng Sư Phạm Gia Lai"}
{"url": "https://diemthi.tuyensinh247.com/diem-chuan/cao-dang-su-pham-dak-lak-C40.html", "university_code": "C40", "university_name": "Cao Đẳng Sư Phạm Đăk Lăk"}
{"url": "https://diemthi.tuyensinh247.com/diem-chuan/cao-dang-su-pham-da-lat-C42.html", "university_code": "C42", "university_name": "Cao Đẳng Sư Phạm Đà Lạt"}
{"url": "https://diemthi.tuyensinh247.com/diem-chuan/cao-dang-su-pham-ninh-thuan-C45.html", "university_code": "C45", "university_name": "Cao Đẳng Sư Phạm Ninh Thuận"}
{"url": "https://diemthi.tuyensinh247.com/diem-chuan/cao-dang-cong-dong-binh-thuan-C47.html", "university_code": "C47", "university_name": "Cao Đẳng Cộng Đồng Bình Thuận"}
{"url": "https://diemthi.tuyensinh247.com/diem-chuan/cao-dang-su-pham-ba-ria-vung-tau-C52.html", "university_code": "C52", "university_name": "Cao Đẳng Sư Phạm Bà Rịa – Vũng Tàu"}
{"url": "https://diemthi.tuyensinh247.com/diem-chuan/cao-dang-can-tho-C55.html", "university_code": "C55", "university_name": "Cao Đẳng Cần Thơ"}
{"url": "https://diemthi.tuyensinh247.com/diem-chuan/cao-dang-su-pham-vinh-long-C57.html", "university_code": "C57", "university_name": "Cao Đẳng Sư Phạm Vĩnh Long"}
{"url": "https://diemthi.tuyensinh247.com/diem-chuan/cao-dang-su-pham-soc-trang-C59.html", "university_code": "C59", "university_name": "Cao Đẳng Sư Phạm Sóc Trăng"}
{"url": "https://diemthi.tuyensinh247.com/diem-chuan/cao-dang-bach-khoa-hung-yen-CBK.html", "university_code": "CBK", "university_name": "Cao Đẳng Bách Khoa Hưng Yên"}
{"url": "https://diemthi.tuyensinh247.com/diem-chuan/cao-dang-du-lich-ha-noi-CDH.html", "university_code": "CDH", "university_name": "Cao Đẳng Du Lịch Hà Nội"}
{"url": "https://diemthi.tuyensinh247.com/diem-chuan/cao-dang-cong-thuong-tphcm-CES.html", "university_code": "CES", "university_name": "Cao Đẳng Công Thương TPHCM"}
{"url": "https://diemthi.tuyensinh247.com/diem-chuan/cao-dang-ky-thuat-cao-thang-CKC.html", "university_code": "CKC", "university_name": "Cao Đẳng Kỹ Thuật Cao Thắng"}
{"url": "https://diemthi.tuyensinh247.com/diem-chuan/cao-dang-kinh-te-doi-ngoai-CKD.html", "university_code": "CKD", "university_name": "Cao Đẳng Kinh Tế Đối Ngoại"}
{"url": "https://diemthi.tuyensinh247.com/diem-chuan/cao-dang-su-pham-trung-uong-tphcm-CM3.html", "university_code": "CM3", "university_name": "Cao Đẳng Sư Phạm Trung Ương TPHCM"}
{"url": "https://diemthi.tuyensinh247.com/diem-chuan/cao-dang-van-hoa-nghe-thuat-nghe-an-CVV.html", "university_code": "CVV", "university_name": "Cao Đẳng Văn Hóa Nghệ Thuật Nghệ An"}
{"url": "https://diemthi.tuyensinh247.com/diem-chuan/khoa-cong-nghe-thong-tin-va-truyen-thong-dai-hoc-da-nang-DDI.html", "university_code": "DDI", "university_name": "Khoa Công Nghệ Thông Tin và truyền thông – Đại Học Đà Nẵng"}
{"url": "https://diemthi.tuyensinh247.com/diem-chuan/dai-hoc-ba-ria-vung-tau-BVU.html", "university_code": "BVU", "university_name": "Đại Học Bà Rịa – Vũng Tàu"}
{"url": "https://diemthi.tuyensinh247.com/diem-chuan/dai-hoc-thai-binh-DTB.html", "university_code": "DTB", "university_name": "Đại Học Thái Bình"}
{"url": "https://diemthi.tuyensinh247.com/diem-chuan/dai-hoc-van-hoa-the-thao-va-du-lich-thanh-hoa-DVD.html", "university_code": "DVD", "university_name": "Đại Học Văn Hóa, Thể Thao Và Du Lịch Thanh Hóa"}
{"url": "https://diemthi.tuyensinh247.com/diem-chuan/dai-hoc-kien-truc-da-nang-KTD.html", "university_code": "KTD", "university_name": "Đại Học Kiến Trúc Đà Nẵng"}
{"url": "https://diemthi.tuyensinh247.com/diem-chuan/dai-hoc-the-duc-the-thao-tphcm-TDS.html", "university_code": "TDS", "university_name": "Đại Học Thể Dục Thể Thao TPHCM"}
{"url": "https://diemthi.tuyensinh247.com/diem-chuan/dai-hoc-vo-truong-toan-VTT.html", "university_code": "VTT", "university_name": "Đại Học Võ Trường Toản"}